English,Arabic
abolition,حل
accession,انضمام
accession of a convention,سريان معاهدة
accession to a convention,الإنضمام إلى معاهدة
accession to a treaty,الإنضمام إلى معاهدة
"acquire, to",يَمتلِك
Acquisition,استملاك
acquisition for public purposes,نزع الملكية للمنفعة العامة
Acquisition of land,استملاك الأراضي
acquisition of motor vehicles,استملاك المركبات الميكانيكية
acquisition ordinance,قانون الإستملاك
act,قانون (مَلَكي
acting,وكيل
acting chairman,وكيل رئيس
acting chief justice,وكيل قاضي القضاة
acting chief secretary,وكيل السكرتير العام
acting district commissioner,وكيل حاكم لواء
acting inspector general,وكيل المفتش العام
acting mayor,وكيل رئيس البلدية
acting prime minister,وكيل رئيس الوزراء
acting registrar,وكيل مسجل
action,دعوى
additional duty,ضريبة إضافية
"adhere, to",ينضم
adherence to a treaty,الإنضمام إلى معاهدة
"administer, to",يُدير (نظاماً
administration of justice ac,قانون إجراء العدل
administrative division,تشكيلة إدارية
administrative matters,شؤون إدارية
administrator,قيِّم
administrator general,القيِّم العام
admiralty,ديوان البحرية
admiralty jurisdiction,الاختصاص في القضايا البحرية
admiralty offences,جرائم الأميرالية
admiralty offences act,قانون جرائم الأميرالية
admission,سماح، قبول، إعتماد
advance: (loan),سلفة: (قَرض
"advertise, to",يُعلِن
advisory council,مجلس إستشاري
advocate,مُحام
advocates ordinance,قانون المحامين
advocates rules,نظام المحامين
agency,الوكالة
agency charges,رسوم الوكلاء
agent,وكيل
air navigation act,قانون الملاحة الجوية
air navigation order,مرسوم الملاحة الجوية
alcohol rules,نظام الكحول
allocation,تخصيص
allocation of fees,تخصيص الرسوم
"Alter, to",يُغيّ ;ِر
alteration,تغيير
"amend, to",يُعدِّل
amendment,تعديل
amendment of provisions,تعديل الأحكام
amendment of schedule,تعديل الذيل
amount due,قرض مستحق الدفع
Anglo - French Convention,معاهدة إنجليزية فرنسية
animal burial rules,نظام دف 1606; الحيوانات
animal diseases rules,نظام أمراض الحيوانات
animal quarantine rules,نظام الحجر الصحي على الحيوانات
annual return,كشف سنو 1610;
apparatus,جهاز
Appeal,استئناف
application,سريان
application of act,سريان القانون
application of convention,سريان المعاهدة
application of ordinance,تطبيق القانون
"apply, to",يطبّق
applying,تطبيق
applying restrictions,فرض قيو 1583;
appropriation ordinance,قانون إعتماد الميزانية العامة
approval,مُوافَقة
"approval, with the",بموافقة
"approve, to",يوافق
approved company,شركة موافق عليها
arbitration,تحكيم
arbitration act,قرار التحكيم
arbitration award,قرار التحكيم
arbitration ordinance,قانون التحكيم
archeological excavations permit,ترخيص حفريات الآثار القديمة
area,منطقة
arrest and search,القبض والتحري
arrest of offenders,القبض على المجرمين
"arrest, to",يقبض عل 1609;
article,مادة
"ascertain, to",يتثبَّت من: يتحقق من
ascertainment,تثبت
ascertainment of law,تثبت من التشاريع
assembly,مجمع: جمعية / مجلس
"assess, to",تقدير الملكية لتخمين الضريبة
assessment,تخمين
assignment,حوالة (المال
attorney,وكيل
attorney general,الوكيل العام
auction,مزاد علني
auditor,مراقب حسابات
authorisation,تصريح
authorisation of loan,تصريح بالإقتراض
authority,هيئة
authorized,مفوَّض
authorized inspector,مفتش مفوَّض
award,قرار (المحكَّمين
"award, to",يمنح
bail,كفالة
banderolle ordinance,قانون البندرول
bank,بنك
bank note,ورق نقد (عملة
bank notes forgery,تزوير ورق العملة
banking emergency ordinance,قانون الصرافة أثناء الطوارئ
banking ordinance,قانون الصرافة
bankruptcy ordinance,قانون الإفلاس
"bear, to",يَحمِل
bearer,حامل السَنَد
bearer bond,سند لحامله: سند دين يُدفع لحاملة
"behalf, on",بالنيابة عن
bill,حَوالة
bill of exchange,بوليصة
blocked account,حساب موقوف (مجمد
board,مجلس
body,هيئة
bon voisinage (good - neighbor),حسن الجوار
bond,سنَد دَين
breaking out,نشوب
building by - law(s),نظام البناء
building commission,لجنة أبنية
building permit,رخصة بناء
building permit fees,رسوم رخ 1589; الأبنية
business premises,عقارات تجارية
business tax,ضريبة الحرف والمهن
by - law(s),نظام (داخلي
cancellation,شطب
cancellation of ordinance,شطب قانون
capital issues,سندات رأسمالية
cargo,المشحونات (البضائع المشحونة)
carriage,نقل
carriage by air,النقل الجوي
carriage by sea,النقل البحري
case,قضية
"Cease, to",يُنهي
censorship,مراقبة
central,مركزي
central commission,لجنة مركزية
central planning commission,لجنة تنظيم مركزية
central town planning commission,لجنة تنظيم المدن المركزية
certificate,شهادة
certificate of origin,شهادة البلاد الأصلية
chairman,رئيس
chairman of a board,رئيس مج 1604;س
chairman of a commission,رئيس لجنة
chairman of the rents tribunal,رئيس محكمة الإيجارات
change,تغيير
change of authority,تحويل السلطة
change of title,تغيير لقب
change of title regulations,نظام تغيير ألقاب
"change, to",يُحوِّل
charges,عوائد
charitable trusts,الأوقاف الخيرية
cheque,شيك
chief,رئيس
chief justice,قاضي القضاة
chief minister,رئيس الوزراء
chief secretary,سكرتير عام
child,حدث
circulation,سير
citizen,مواطن
citizenship,جنسية
citizenship order,مرسوم الجنسية
citizenship regulations,نظام الجنسية
civil,مدني
civil court,محكمة نظامية
civil defence,الدفاع المدني
civil matters,قضايا حقوقية
civil procedure,المرافعات الحقوقية
civil procedure convention,معاهدة بشأن أصول المرافعات الحقوقية
civil procedure ordinance,قانون أصول المرافعات الحقوقية
civil trial,محاكمة أمام المحاكم النظامية
civil wrong,مخالفة مدنية
clause,بند
clerk,كاتب، سكرتير
clerk to the executive council,سكرتي ;ر المجلس التنفيذي
close season,فصل محر 1605; فيه (القيام بأمر معين
closed period,فترة الإغلاق
closing hours,مواعيد الإغلاق
closure,حظر
coin,عملة
coinage,صك النق 1583;
collection,جباية
collection of rates,جباية العوائد
collection of returns,جمع الكشوف
collection of taxes,جباية الضرائب
collective fine,غرامة مشتركة
collective punishment,عقوبة مشتركة
colonial probates act,قانون تصديق الوصايا في المستعمرات
colony,مُستعمَرة
combat,مكافحة
combat measures,تدابير مكافحة
come into force,يصبح معمول به: نافذ المفعول
"command, by",بأمر
"command, to",يَقود
commander,قائد
commander - in - chief,قائد عا 1605; للقوات العسكرية
commerce restriction,تقييد التجارة
commercial,تجاري
commercial book of accounts,دفتر الحسابات التجارية
commercial matters,دعاوي تجارية
commercial ordinance,القانون التجاري
commercial relations,علاقات تجارية
commercial treaty,معاهدة تجارية
commission,لجنة
commission of enquiry,لجنة تحقيق
"commission, by",بالنيابة
commissioner,مفوَّض
commissioner for stamp duties,مراقب طوابع الإيرادات
commissioner of a state,مندوب حكومة
community,طائفة
Commutation,استبدال
"commute, to",يُبَدِّل
companies fees,رسوم الشركات
companies ordinance,قانون الشركات
company,شركة
company profits tax,ضريبة أرباح الشركات
"Compensate, to",يُعَوِّض
compensation,تعويض
compensation commissioner,مفوض التعويض
compensation for acquisition,دفع تعويض عن الإستملاك
compensation for demolitions,تعويض ع 1606; الأماكن المهدومة
compensation for property,تعويض ع 1606; الأملاك
compensation for public purposes,تعويض للمقاصد العامة
compensation ordinance,قانون التعويض
competent,مختص
competent authority,السلطة المختصة
competent party,الجهة المختصة
composition,تشكيل
concerning,بشأن
concession,امتياز
condition,شرط
"confiscate, to",يُصادِر
confiscation,مُصادَرة
consolidated,موحّد
consolidation,توحيد
"constitute, to",يُشكِّل
constitution,تشكيل
constitution of courts,تشكيل المحاكم
"Construct, to",يُنشِئ
contempt,عدم احترام (لمحكمة أو قاض أو هيئة تشريعية
Continuation,استمرار سريان
Continuation of legislation,استمرار سريان التشريعات
contraband,المُهرَّبات: البضائع المُهرَّبة
contract,عَقد
contract of employment,عقد إستخدام
contravention,مخالفة
control,رقابة
control board,مجلس مراقبة
control of police,رقابة الشرطة
controlled,خاضع للرقابة
controlled area,منطقة مراقبة
controlled articles,سلع خاضعة للرقابة
controller,مراقب
controller of foreign exchange,مراقب العملة الأجنبية
controller of heavy industries,مراقب الصناعات الثقيلة
controller of light industries,مراقب الصناعات الخفيفة
controller of mines,مراقب المناجم
controller of road transport,مراقب النقل على الطرق
controller of salvage,مراقب الإنقاذ
controller of supplies,مراقب المؤن
convention,معاهدة
"convert, to",يحوِّل
converting land,تحويل الأراضي
conveyance,نقل (أو تسليم الملكية من شخص إلى آخر
cooperative advisory council,مجلس إستشاري لجمعية تعاونية
cooperative societies ordinance,قانون جمعيات التعاون
cooperative society,جمعية تعاونية
copyright,حقوق الطبع والتأليف
copyright act,قانون حقوق الطبع والتأليف
copyright ordinance,قانون حقوق الطبع والتأليف
copyright regulations,نظام حقوق الطبع والتأليف
copyright rules,نظام حقوق الطبع والتأليف
coroner,قاضي الوفيات المشتبه فيها
corporate,معنوي
corporate body,شخص معنوي
correction of registers,تصحيح السجلات
council,مجلس
council abolition,حل مجلس
council validation,تقنين أعمال المجلس
councillor,عضو مجل 1587;
court,محكمة
court application,طلب مقد 1605; للمحكمة
courts jurisdiction act,قانون صلاحية المحاكم
courts ordinance,قانون المحاكم
covenant,ميثاق
credit,تسليف
credit bank,مصرف التسليف
"credit, to",يُسَلِّف
crime,جريمة
criminal,عقابي
criminal case,قضية جنائية
criminal code ordinance,قانون العقوبات
criminal law ordinance,قانون الجزاء
criminal matters,قضايا جزائية
criminal procedure ordinance,قانون أصول المحاكمات الجزائية
criminal procedure rule,نظام أصول المحاكمات الجزائية
crown action,دعوى حكومية
currency,نَقد
currency notes,ورق النقد
currency ordinance,قانون النقد
currency restrictions,القيود المفروضة على العملة
custodian,حارس
custody,حجز
customs,جمارك
customs aerodrome,مطار جمركي
customs and excise enactment,قانون الجمارك والمكوس
customs and excise ordinance,قانون الجمارك والمكوس
customs duties,رسوم الجمارك
customs exemption,المعفيات الجمركية
customs frontier ordinance,قانون الحدود الجمركية
customs frontier(s),حدود جمركية
customs house,دائرة الجمارك
customs house agent,وكيل دائرة الجمارك
customs ordinance,قانون الجمارك
customs powers,صلاحية الجمارك
customs powers ordinance,قانون صلاحية الجمارك
customs regulations,نظام الجمارك
customs tariff,التعرفة الجمركية
damage,ضَرَر
dangerous drugs,عقاقير خطرة
dated,مؤرخ
dealing,تداول
dealing in antiquities,متاجرة بالآثار القديمة
dealing in arms,تداول السلاح
dealing limitation,تحديد الاتجار
debt,دَين
debt assignment,حوالة الدَّين
debt ordinance,قانون الديون
declaration,تصريح
declaration form,نموذج تصريح
"declare, to",يعلن
defamation,قَذف: افتراء
defence corps regulations,نظام كتائب الدفاع
defence legislation,تشريعات الدفاع
defence order,مرسوم الدفاع
defence regulations,نظام الدفاع
defence scheme,مشروع الدفاع
definition,تعريف، تعيين
definition of a port,تعيين حدود مرفأ
definition of water limits,تعريف حدود المياه
"definition, interpretation",تفسير
demarcation of limits,تعيين الحدود
departure,مغادرة
deposit,وديعة
deputy,نائب
deputy controller,نائب مراقب
deputy controller of supplie,نائب مراقب المؤن
deputy food controller,نائب مراقب المواد الغذائية
deputy mayor,نائب رئيس البلدية
deserter (from the army,الفارّ من الجيش
desertion (from the army,الفِرار من الجيش
"designate, to",يعيّن
designated,معيّن
designated currency,العملة المعينة
designated foreign currency,العملة الأجنبية المعينة
designation,تعيين
"Detain, to",يُوقِ ;ف
detained,موقوف، قيد التوقيف
detention,توقيف
determination,تحديد
determination of municipal areas,تحديد مناطق البلديات
dimension,مقياس
directions (M),تعليمات
directions by a commission,تعليمات صادرة عن لجنة
"discharge, to",يضطلع ب
disposal,تصرّف
"dispose of, to",يتصرف
disposition,تصرُّف
dispute,خلاف
distribution of receipts,توزيع إيرادات
district,لواء
district commission,لجنة اللواء
district commissioner,مفوض منطقة
district commissioners' powers,صلاحي ;ة حاكم المقاطعة
district court,محكمة مركزية
district governor,حاكم لواء
division,تشكيلة: تقسيم
divorce,طَلاق
document,وثيقة
double taxation,ضريبة مضاعفة
double taxation relief,الإعفاء من الضريبة المضاعفة
drainage area,منطقة تصريف المياه
drug,عقار: دواء
due,مستحق الدفع
dues,ع
duration,دورة (مدة زمنية
duration of municipal commission,دورة لجنة بلدية
duty,رسم
e of Nations,عصبة الأمم
education ordinance,قانون المعارف (التعليم
"elect, to",ينتخب
elected,منتخب
elected assembly,مجمع منتخب
elected assembly validation,تثبيت المجمع المنتخب
election,الإنتخاب
election division,منطقة إنتخابية
electoral division,منطقة إنتخابية
electric corporation limited,شركة كهرباء محدودة
electricity concession,امتياز الكهرباء
electricity ordinance,قانون الكهرباء
embassy,سفارة
emergency,طوارئ
emergency laws,تشريعات الطوارئ
emergency laws order,مرسوم تشريعات الطوارئ
emergency powers,سلطات الطوارئ
emergency regulations,نظام الطوارئ
employee,مستَخدَم، عامل
employer,مستخدِم
employment,عمل
employment of children,تشغيل الأحداث
employment of juveniles,تشغيل الأحداث
"Empower, to",يُفوّ ;ِض
empowerment,تولّي
empowerment (to act),تفويض (بالقيام بعمل
empowerment to collect a return,تفويض بجمع كشوف
enactment,قانون
"Enforce, to",يُنفّ ;ِذ
enforcement,تنفيذ
enforcement of judgement,تنفيذ حُكم
entry,دخول
entry prohibition,حظر الدخول
establishment,مؤسسة
establishment of a board,تشكيل مجلس
establishment of courts,تشكيل المحاكم
"estimate, to",يُخمِّن
estimation,تخمين
estimation of crops,تخمين الحاصلات
evidence,دليل، بيّنة
evidence act,قانون البينات
evidence by commission act,قانون أخذ الشهادة بالنيابة
exchange,تبادل
exchange of notes,تبادل المذكرات
excise,مكوس
excise duty,رسم على الإنتاج المحلي
"exclude, to",يستثني
excluding,ما عدا: باستثناء
Exclusion,استثناء
execution of judgement,تنفيذ الحكم
executive,تنفيذي
executive council,مجلس تنفيذي
"exempt from, to",يعفي من
"exempt, to",يستثني من
Exemption,استثناء
exemption from petroleum rules,الإستثناء من نظام البترول
exemption from tithe,الإعفاء من ضريبة العشر
explanation,تفسير
exploration,تحري
export duty,رسم الصادر
export powers,صلاحية التصدير
export powers ordinance,قانون صلاحية التصدير
exports licence,رخصة الصادرات
"expropriate, to",ينزع الملكية
expropriation of land,نزع ملكية الأراضي
extending,تمديد أجل
extending to,تطبيق على
extension,سريان
extension of a convention,سريان معاهدة
extension of an ordinance,تطبيق قانون
extension of time,تمديد المدة
extradition,تبادل تسليم المجرمين
extradition convention,معاهدة تسليم المجرمين
extradition ordinance,قانون تسليم المجرمين
extradition proclamation,منشور تسليم المجرمين
extradition treaty,معاهدة تسليم مجرمين
family law,قانون العائلة
fare,رسم السفر
fee,رسم: أتعاب
fees and payments,رسوم
fees validation,تقنين ر 1587;وم
file,ملف
finance,المالية
fine,غرامة (مالية
fines fund,صندوق غرامات
fire inquiry,تحقيق ف 1610; أسباب الحرائق
"fire, to",يطلق النار
firearms ordinance,قانون الأسلحة النارية
fish tax,ضريبة السمك
fishery officer,مأمور مصايد الأسماك
"fix, to",يُعيِّن
fixing of prices,تعيين الأسعار
food control,مراقبة المواد الغذائية
food control ordinance,قانون مراقبة المواد الغذائية
food controller,مراقب المواد الغذائية
for,بخصوص
force,قوَّة
foreign arbitration award,قرار التحكيم الأجنبي
foreign currency,عملة أجنبية
foreign documents,وثائق أجنبية
foreign exchange,عملة أجنبية
foreign imports,واردات أجنبية
foreign jurisdiction,الإختصاص في البلاد الأجنبية
foreign jurisdiction act,قانون الإختصاص في البلاد الأجنبية
foreign law,تشريعات أجنبية
foreign law ascertainment ac,قانون التثبت من التشريعات الأجنبية
foreign prisoner,سجين أجنبي
foreign tribunal,محكمة أجنبية
forensic robes,كسوة المحامين
forests ordinance,قانون الغابات
"forge, to",يُزوِّر
forgery,تزوير
form,نموذج، شكل
form of declaration,نموذج تصريح
formal,رسمي
formal notification,تبليغ رسمي
formal order,قرار صوري
franchise,حق الإنتخاب
free,دون رسم
frontier force ordinance,قانون قوات أمن الحدود
frontiers,حدود
frontiers zone,منطقة الحدود
fugitive criminal,مجرم فارّ
fugitive offender,مجرم فارّ
function,مهمة، وظيفة
fund,صندوق (اعتماد مالي
game preservation ordinance,قانون وقاية الصيد
game preservation proclamation,منشور وقاية الصيد
game preservation rules,نظام وقاية الصيد
gaming,مقامرة
gazette,جريدة رسمية
gendarmerie,الدَّ ;رَك
general,عام
general council,المجلس العام
general council validation,تثبيت المجلس العام
general delegate,المندوب العام
General exemption,استثناء عام
general intelligence,المخابرات العامة
general loan,قَرض عمومي
general manager,مدير عام
general return,كشف عام
general rule(s),نظام عا 1605;
general tribunal,محكمة عامة
Geneva Convention,معاهدة جنيف
good conduct,حسن السيرة (السلوك
good conduct pay,علاوة حسن السلوك
goods in transit,نقل البضائع بالترانزيت
government,حكومة
government guarantee,كفالة الحكومة
governor,حاكم
grant,هبة
"grant, to",يَمنح
guarantee,ضمان
guard,خفير: حارس
"hand over, to",يُسلِّم
handing over,تسليم
heir,وارث
high commissioner,مفوض سامٍ
high commissioner - in - council,المندوب السامي في المجلس التنفيذي
high court,محكمة عليا
"hire, to",يُؤجِّر
house rate,عائدات المنازل للبلدية
house tax,ضريبة المنازل
housing ordinance,قانون بناء المساكن
"identify, to",يتحقق م 1606; هوية شخص
imitation,مقلّد
immigration,هجرة
immigration director,مدير الهجرة
immigration fees,رسوم الهجرة
immigration order,مرسوم الهجرة
immigration ordinance,قانون الهجرة
immigration regulations,نظام الهجرة
immigration validation,تقنين شهادات الهجرة
immunity,حصانة
imperial,ملكي
import powers,صلاحية الإستيراد
import powers ordinance,قانون صلاحية الإستيراد
imports general licence,رخصة استيراد عمومية
imports licence,رخصة الاستيراد
imports open general licence,رخصة استيراد عمومية مطلقة
imports open licence,رخصة استيراد مطلقة
"impose, to",يفرض
imposition,فَرض
imposition of rates,فرض الضرائب
"imprison, to",يسجن، يحبس
imprisonment,سجن، حب 1587;
income tax,ضريبة الدخل
incorporation,دمج
incorporation of legislation,دمج التشريعات
increase of compensation,زيادة التعويض
increment tax,ضريبة التحسين
indemnity ordinance,قانون الإعفاء من المسؤولية
indication of limits,تحديد قيود: تحديد ضوابط
indirect,غير مباشر
indirect collection,استيفاء بطريق التلزيم
industrial court,محكمة صناعية
industrial property convention,معاهدة حماية الممتلكات الصناعية
infected country,بلد موبوء
information,معلومات
"inquest, investigation",تحقيق
"inquire, to",يُحقِّق
inquiry,تحقيق
"inspect, to",تفتيش
inspection,معاينة
inspector,مفتّش
inspector - general of police,مفتش عام للبوليس
inspector general,مفتش عام
inspector's fees,رسوم المفتشين
"instruct, to",يعطي تعليمات
instructions (M),تعليمات
instrument,وثيقة
insurance,تأمين
insurance board,مجلس التأمين
insurance company,شركة تأمين
insurance company deposits,ضمانات شركات التأمين
interest,فائدة
Interest on loans,الفائدة عن القروض
international convention,معاهدة دولية
internee,معتقل
internees finances,مالية المعتقلين
"Interpret, to",يُفسِّر
interpretation,تفسير
"intimidate, to",يرهب، يخيف
intoxicating liquors,مسكرات
intoxicating liquors ordinan,قانون المسكرات
intoxicating liquors rules,نظام المسكرات
intoxication,سُكر
invoice,قائمة ا 1604;بضاعة، فاتورة
issued,صادر
issuing authority,سلطة الترخيص
jewish colonisation association,شركة إستعمار يهودية
judgement,حُكْم
judgement by default,حكم غيابي
judgements ordinance,قانون الأحكام
judicial,قضائي
judicial documents,وثائق قضائية
jurisdiction,صلاحية
jurisdiction act,قانون الاختصاص
jurisdiction of courts,صلاحية المحاكم
jurisdiction of the court,صلاحية المحكمة
justice,عَـدْل
juvenile,حَدَث
juvenile offender,المجرم الحَدَث
juvenile offenders ordinance,قانون المجرمين الأحداث
labour,عَمَل
labour law,قانون العمل
labourer,عامل
land court,محكمة الأراضي
land courts ordinance,قانون محاكم الأراضي
land disputes,منازعات الأراضي
land disputes ordinance,قانون منازعا ت الأراضي
land law ordinance,قانون الأراضي
land register,سجل الأراضي
land registration,تسجيل الأراضي
land settlement,تسوية الأراضي
land settlement action,دعوى تسوية حقوق الملكية
land settlement of title,تسوية حقوق ملكية الأراضي
land surveyor,مسّاح الأراضي
land tax,ضريبة الأراضي
land transfer fees,رسوم إنتقال الأراضي
land transfers regulations,نظام إنتقالات الأراضي
land valuer,مُثَمِّن أراضي
landlord,مالِك
landlord and tenant,المالك والمستأجر
landlords and tenants ordinance,قانون المالكين والمستأجرين
language allowance,علاوة اللغة
law ascertainment act,قانون التثبت من التشاريع
law council,مجلس الحقوق
law of evidence ordinance,قانون البيُّنات
law of execution ordinance,قانون الإجراء
law of procedure ordinance,قانون أصول المرافعات
laws,تشريعات، قوانين
lease,التأجير
lease goods,بضائع التأجير
"lease, to",يُؤجر
legal,قانوني
legal holiday,يوم عطل 1577; قانونية
legal interest,الفائدة القانونية
legal rate,المُعدَّل القانوني
legal tender,عملة قانونية
"legislate, to",يُشرِّع: يَسِن قانوناً
legislation,التشريع
legislative council,المجلس التشريعي
lend goods,بضائع الإعارة
"lend, to",يُعير
lending,الإعارة
"let, to",يُؤجِّر
letter,تحرير
letters ordinance,قانون التحرير
letting on hire,تأجير
licence,رخصة
licence for the ship station,رخصة المحطة اللاسلكية في السفينة
"license, to",يرخِّص
licensed,مرخَّص: مصرّح به
licensed retailer,تاجر مفرق مرخَّص
licensed wholesaler,تاجر جملة مرخَّص
licensing,ترخيص
licensing board,مجلس الترخيص
licensing of exports,ترخيص الصادرات / التصدير
licensing of imports,ترخيص الإستيراد
licensing offence,مخالفة ترخيص
lighterage,التجريم
lighterage charges,رسوم التجريم
"limit, to",يُحدِّد
limitation,تحديد
limitation of prices,تحديد الأسعار
limited,محدود
limited company,شركة محدودة
limits,حدود (قيود
limits of a town planning area,حدود منطقة تنظيم مدينة
liquidation,تَصفِية
liquidation of bank,تصفية البنك
list,قائمة
loaded,مشحون
loading,وسق: تحميل
loan,قَرض
loans ordinance,قانون القروض
local,محلي
local advertisements publication,نشرة الإعلانات المحلية
local authority,هيئة محلية
local community,مجتمع محلي: طائفة محلية
local council,مجلس محلي
local council assessment,تخمين المجلس المحلي
local councils ordinance,قانون المجالس المحلية
local education authority,سلطة تعليم محلية
lost,مفقود
lost property,لقطة: مفقودات، أموال مفقودة
magistrate,حاكم الصلح
magistrate court,محكمة الصلح
magistrates' courts jurisdiction,صلاحي ;ة محاكم الصلح
maintenance of registers,حفظ السجلات
mandated territory,بلد واقعة تحت الإنتداب
mark,علامة
marriage,زواج
marriage fees,رسوم الزواج
martial law,حكم عرف 1610;
material,مادة
matter,قضية
matter pending before a tribunal,قضية معلقة لدى محكمة
maximum,الحد الأعلى
maximum price,الحد الأعلى لسعر
mayor,رئيس بلدية
measure,تدبير
"measures, to take",يتخذ تدابير
mechanic propelled vehicles,المركبات ذات المحركات الميكانيكية
medical commission,لجنة طبية
medical organization,منظمة صحية
medical practitioner,طبيب الصحة
meeting,جلسة
member,عضو
member of the shipping tribunal,عضو محكمة الملاحة البحرية
merchandise,بضائع
merchandise marks,علامات البضائع
merchandise marks ordinance,قانون علامات البضائع
merchandise marks regulation,نظام علامات البضائع
merchant,تاجر
merchant ship,سفينة تجارية
merchant shipping act,قانون الملاحة التجارية
message,رسالة (بلاغ
military,عسكري
military authority,سلطة عسكرية
military commander,قائد عسكري
military court,محكمة عسكرية
military force,قوة عسكرية
military purposes,لمقاصد عسكرية
mining ordinance,قانون التعدين
minister for foreign affairs,وزير خارجية
mission,مهمة
modification,تعديل
modification of a rule,تعديل نظام
"modify, to",يُعدِّل
monopoly,الاحتكار
monthly return,كشف شهر 1610;
mortgage,الرهن
mortgage law ordinance,قانون الرهن
moslem awkaf,الأوقاف الإسلامية
moslem sharia council,المجلس الشرعي الإسلامي
motor vehicles insurance,تأمين المركبات الميكانيكية
motor vehicles log book,دفتر سفرات المركبات الميكانيكية
"move, to",يَنقُل
movement,تنقل
movement of goods,نقل السلع
movement restrictions,تقييد النقل
mukhtar,مختار
municipal area,منطقة بلدية
municipal assessment,تخمين البلدية
municipal auditor,مراقب حسابات الهيئات البلدية
municipal commission,لجنة بلدية
municipal corporation,هيئة بلدية
municipal corporations ordinance,قانون البلديات
municipal council,مجلس بلدي
municipal councils ordinance,قانون المجالس البلدية
municipal courts jurisdictio,صلاحية محاكم البلديات
municipal courts ordinance,قانون محاكم البلديات
municipal fees,رسوم البلدية
municipal franchise ordinanc,قانون الإنتخابات البلدية
municipal house rate,ضريبة منازل البلدية
municipal loans,قروض بلدية
municipal rate,ضريبة البلدية
municipal rates ordinance,قانون رسوم البلديات
municipal tax,رسوم البلدية
municipal tax law ordinance,قانون رسوم البلديات
municipal tribunal,محكمة بلدية
municipality,بَلديَّة
musaqqafat tax,ضريبة المُسَقَّفات: ضريبة العَقار
name - plate,لوحة أسماء
national,رعيّة
nationals,رعايا
naturalization,التجنس
naturalization of alien wome,تجنس النساء الأجنبيات
"naturalize, to",يَتَجنَّس: يكتسب الجنسية
naval,بحري
naval prize,غنائم بحرية
naval prize act,قانون الغنائم البحرية
navigable,صالح للملاحة
navigable waters,مياه الملاحة
navigation,مِلاحة
negotiable,قابل للتحويل: قابل للتفاوض
nomination,ترشيح
northern district,لواء شمالي
notary public,كاتب عَدل
note,مذكرة
notification,تبليغ
notification of accidents,تبليغ الحوادث
notification of address,تبليغ العنوان
"notify, to",يُبْلِغ
nuisance,ضرر
oath,يمين: قَسَم
oaths ordinance,قانون تحليف الأَيمان
obscene,مخل بالآداب
obscene publications,مطبوعات مخلة بالآداب
obscene publications traffic,تجارة المطبوعات المخلة بالآداب
observation,مراعاة
observation of conditions,مراعا ;ة الشروط
"obstruct, to",يَعوق
obstruction,عائق
occupation,مهنة
occupational,مهني
occupational disease,مرض يتعلق بالمهنة
"occupy, to",يَحتَلّ
offence,جريمة
"offend, to",يرتكب جرماً
offender,مُجرِم
officer,مأمور
official,رسمي
official secret,سِرّ رسمي
offloading,تفريغ
on,منع العوائق
open,مطلق
open general licence,رخصة عمومية مطلقة
open general permission,تصريح مطلق عام
open licence,رخصة مطلقة
Operation,عملية
"operation, to bring into",يضع موض 1593; العمل
order,مرسوم
order in council,مرسوم ملكي
ordinance,قانون
"Organize, to",يُنَظ ;ِّم
orphan,يَتيم
orphans' pensions,تقاعد الأيتام
Orthodox Patriarchate Ordinance,قانون البطريركية الأرثوذكسية
Ottoman Law,تشريعات عثمانية
Ottoman service,الخدمة في الحكومة العثمانية
Palestine Advisory Council,المجلس الإستشاري الفلسطيني
Palestine Gazette,الوقائع الفلسطينية
parties,الفرقاء، الأطراف
partnership,شركة عادية، شراكة
partnership ordinance,قانون الشركات العادية
party,جهة
passive,سلبي
passive defence,دفاع سلبي
passive defence service,مصلحة الدفاع السلبي
passport ordinance,قانون جوازات السفر
passport regulations,نظام جوازات السفر
patent and designs office,مكتب إمتيازات الإختراعات والرسوم
patents and designs ordinanc,قانون إمتيازات الإختراعات والرسوم
patents and designs rules,نظام امتيازات الإختراعات والرسوم
pay,علاوة
"pay, income",راتب
payment,دفع
payment of annuities,دفع الأقساط السنوية
payment of duty,دفع رسم جمركي
payment of rates,دفع الضرائب
payments,دفعات
penal,عقابي
penal labour,الأشغال الشاقة
penal labour ordinance,قانون الأشغال الشاقة
pending,معلَّق: موقوف
pension,معاش التقاعد
pensionable office,وظيفة تقاعدية
pensions ordinance,قانون التقاعد
percentage,النسبة المئوية
percentage addition,النسبة المئوية للزيادة
"perform, to",ينجز
perjury,شهادة الزُّور
perjury ordinance,قانون شهادة الزور
permit,رخصة
permit fees,رسوم رخصة
"permit, to",يجيز
personal injuries ordinance,قانون الأضرار الشخصية
personal injury,ضَرر شخصي
personal status,الأحوال الشخصية
petition,عَريضة
petition writer,كاتب العرائض
pharmacists ordinance,قانون الصيادلة
place of inspection,مكان المعاينة
planning commission,لجنة تنظيم
plant inspector,مفتش النبات
plant protection ordinance,قانون وقاية النبات
playing cards excise,مكوس ورق اللعب
playing cards excise ordinance,قانون مكوس ورق اللعب
ploughing loan,قرض حراثة
point: (crossing) point,معبر
police,بوليس، شرطة
police and prisons separatio,فصل البوليس عن السجون
police declaration form,نموذج تصريح البوليس
police force,قوة البوليس
police form of declaration,نموذج تصريح البوليس
police fund,صندوق البوليس
police inspector,مفتش شرطة
police ordinance,قانون البوليس
police proficienct pay,علاوة الكفاءة للبوليس
police rules,نظام البوليس
poor prisoners' defence,الدفاع عن السجناء الفقراء
port,مَرفئ
ports ordinance,قانون المرافئ
"posession of, take",يستولي على
possession,وَضْعُ اليَد
possession of land,وضع الي 1583; على الأراضي
post office ordinance,قانون دائرة البريد
power,سلطة
practitioner,مزاول مهنة
precaution,وقاية
"prescribe, to",يقرّر
prescribed,معين
prescribtion of forms,تعيين النماذج
presentation,تقديم
presentation of motor vehicl,تقديم المركبات الميكانيكية للمعاينة
"preserve, to",يصون
president,رئيس
president of a local council,رئيس مجلس محلي
president of a tribunal,رئيس محكمة
press,مطبوعات، صحافة
press ordinance,قانون المطبوعات قانون الصحافة
prevention,منع، حظر
prevention of crime,منع الجريمة
prevention of crime ordinanc,قانون منع الجرائم
prevention of cruelty,رِفق
prevention of cruelty to animals,الرفق بالحيوانات
prevention of encampment,منع التخييم
prevention of intimidation,منع الإرهاب
prevention of noises,منع الضوضاء
prevention of nuisances,منع المكاره الصحية
prevention of profiteering,منع الإستغلال
price control,مراقبة الأسعار
prime minister,رئيس الوزراء
printed matter,مطبوعات
prisoner,سَجين
prisoners removal act,قانون نقل السجناء
prisons ordinance,قانون السجون
private,خُصوصي
private railways ordinance,قانون السكك الحديدية الخصوصية
privelege,امتياز
privy council,مجلس خاص
prize,غنيمة حربية
prize court,محكمة الغنائم الحربية
prize salvage act,قانون إنقاذ الغنائم الحربية
probate,تصديق الوصيّة
probation,مُراقبة
probation of offenders,وضع المجرمين تحت المراقبة
probation of offenders ordinance,قانون وضع المجرمين تحت المراقبة
proceeding,محضر إجتماع
process,عملية
procession,موكب
proclamation,منشور
"procure, to",يحصل عل 1609;
procuring,حصول عل 1609;
procuring samples,الحصول على عينات
profession,مهنة
professional conduct,السلوك في المهنة
proficiency,كفاءة
proficiency pay,علاوة الكفاءة
Profiteering,استغلالية: تحقيق أرباح فاحشة
"prohibit, to",يحظر
prohibition,حظر
prohibition of buying,حظر الشراء
prohibition of cultivation,منع الزراعة
prohibition of dealing in arms,حظر الإتجار بالأسلحة
prohibition of importation,حظر الإستيراد
prohibition of manufacture,حظر الصنع
prohibition of movement,حظر النقل
prohibition of sale,حظر البيع
prohibition of smoking,منع التدخين
prohibition of widening of roads,حظر توسيع الطرق
"prolong, to",يمدّد
prolongation,تمديد
"propel, to",يُسَيِّر
property,ملك، ممتلكات
property tax,ضريبة الأملاك
prospecting,تنقيب
protected area,منطقة ; محمية
protection of trade marks,حماية العلامات التجارية
protectorate,محمية
protest,بروتستو: إحتجاج
protest of bills ordinance,قانون الاحتجاج على الحوالات
protocol,بروتوكول
provident fund,صندوق إحتياطي دعم احتياطي
provisional,مؤقت
"provisions, to make",يَنص
public,عام
public bathing places ordinance,قانون أماكن الاستحمام العامة
public custodian,حارس عا 1605;
public custodian ordinance,قانون الحارس العام
public entertainments ordinance,قانون الملاهي العمومية
public health,الصحة العامة
public health ordinance,قانون الصحة العامة
public health rules,نظام الصحة العامة
public holiday,عطلة عمومية
public lands ordinance,قانون الأراضي العمومية
Public meeting,اجتماع عام
public meetings ordinance,قانون الإجتماعات العمومية
public officer,موظف حكومي
public officers ordinance,قانون الموظفين العموميين
public place,مكان عام
"public purposes, for",للمقاصد العامة
public road,طريق عمومي
public service,الخدمة العامة
public service ordinance,قانون الخدمة العامة
public street,شارع عمومي
public trustee,متولي عام
public water,مياة عمومية
public water supplies,مشاريع المياه العمومية
public works,الأشغال العامة
publication,نَشْر
publication permit,رخصة نَشْر
publications ordinance,قانون المطبوعات
"publish, to",يَنشُر
publishing,نشر
"punish, to",يُعاقِب
punishment,عقوبة
punishment of offender,معاقبة المجرم
purpose,غاية
pursuit,تعقّب
pursuit of fugitive offender,تعقّب المجرمين الفارّين
pursuit of offenders,تعقّب المجرمين
put into force,يضع موض 1593; التنفيذ
quarantine,حجر صحي
quarantine ordinance,قانون الحجر الصحي
quarterly,فصلي
quarterly return,كشف فصل 1610;
rabbinical council,المجلس الرباني
rabbinical council validatio,تقنين المجلس الربّاني
rabies ordinance,قانون داء الكلب
radio-active minerals ordinance,قانون المواد المعدنية المشعة
railway board,مجلس السكك الحديدية
railway fares,رسوم السفر عبر سكة الحديد
railway lands vesting,تخويل ح 1602; إمتلاك الأراضي لسكك الحديد
railway rates,رسوم السفر عبر سكة الحديد
railways ordinance,قانون سكك الحديد
rank,رتبة (عسكرية
rate,فئة
rate of tax,فئة الضريبة
rate validation,تثبيت صحة الضريبة
rateable,خاضع للضريبة
rateable value of buildings,بدل إيجار الأبنية الخاضع للضريبة
rates,عوائد
real estate,عقار
rebate,حسم
rebate of excise,حسم المكوس
reciprocal,متبادل
reciprocal enforcement,تنفيذ متبادل
reconstruction loans ordinance,قانون إصدار القروض لتعمير الأبنية
recovery,استيفاء
recovery of interest,استيف ;اء الفائدة
Refund,استرداد
Refund of fees,استرداد رسوم
"refund, to",يَستَرِدّ
regarding,بشأن
regional area,منطقة إقليمية
regional council,مجلس إقليمي
regional planning area,منطقة تنظيم إقليمية
register,سجل
registrar,مسجِّل
registrar of companies,مسجل الشركات
registrar of patents and designs,مسجل إمتيازات الإختراعات والرسوم
registrar of trade marks,مسجل العلامات التجارية
registrars ordinance,قانون المسجلين
registration,تسجيل
registration fee,رسم التسجيل
registration of a business name,تسجيل إسم تجاري
registration of a company,تسجيل شركة
registration of divorce,تسجيل الطلاق
registration of marriage,تسجيل الزواج
registration of subjects,تسجيل الرعايا
"regulate, to",ينظّم
regulation,تنظيم
regulation and restrictions,التنظيم والقيود
regulation of exports,تنظيم الصادرات
regulation of imports,تنظيم الواردات
regulation of payments,تنظيم الدفعات
regulation(s),نظام
"relating to, regarding",بشأن، يتعلق ب
relation,علاقة
release on bail ordinance,قانون الإفراج بالكفالة
"Release, to",يُفرِ ;ج
religious communities ordinance,قانون الطوائف الدينية
religious community,طائفة دينية
religious court,محكمة دينية
removal,نقل
removal of prisoners,نقل السجناء
rent,الإيجار
rent restrictions,تقييد الإيجارات
rent restrictions ordinance,قانون تقييد الإيجارات
"rent, to",يُؤجِّر
rents ordinance,قانون الإيجارات
rents tribunal,محكمة إيجارات
repair,يصلح
"represent, to",ينوب عن
reprisal,المقابلة بالمثل، المعاملة بالمثل
request,تكليف
Reserve,احتياطي
reserved,محفوظ
reserves,غابات محمية
respecting,بشأن
responsibility,مسؤولية
"restrict, to",يقيّد
restriction,فرض قيو 1583;
restriction of manufacture,تقييد الصنع
restriction of movement,تقييد النقل
restriction of movement of goods,تقييد نقل السلع
restrictions,قيود
restrictions on flying,تقييد الطيران
restrictions on use,تقييد الإستعمال
retail dealing limitation,تقييد البيع بالمفرق
return,كشف
return of injuries,كشف عن الإصابات
revised,منقَّح
revised edition,طبعة منقحة
right,حق
right of a government,حق الحكومة
right of nationals,حق الرعايا
right of way,حق المرور
rights,حقوق
risk,خطر
road transport ordinance,قانون النقل على الطرق
roads ordinance,قانون الطرق
Rome Convention,معاهد ;ة روما
route,طريق (مسلك
royal,ملكي
royal court,بلاط ملكي، محكمة ملكية
royal instructions (M),تعليمات ملكية
royal warrant,براءة ملكية
"rule, to set a",يضع نظا 1605;
rules,نظام
rules as to food,تنظيم الأطعمة
rules of court,لائحة أصول المحاكمات
rural area,منطقة قروية
rural council,مجلس قروي
rural district,منطقة قروية
rural property tax,ضريبة الأملاك في القرى
rural property tax ordinance,قانون ضريبة الأملاك في القرى
safeguarding,وقاية
safeguarding of water supplies,وقاية مشاريع المياه
sailing boats ordinance,قانون المراكب الشراعية
sale on credit,البيع بالدَّين
sales restriction,تقييد البيع
sanction,موافقة
sand drift ordinance,قانون كثبان الرمال
sanjak: province,سنجق: مقاطعة
savings bank,صندوق التوفير
schedule,جدول
schedule to an ordinance,ذيل قانون
scheduled,مُدرج
scheduled goods,بضائع مدرجة بالذيل
scheme,مشروع
schools registration ordinance,قانون تسجيل المدارس
search,التحري
secret,سرّ
section,فقرة
"secure, to",يضمن
securities,سندات مالية
Securities exemption,استثناء سندات الدين
securities restriction,القيود المفروضة على السندات المالية
security,ضمان
security of loans,تأمين القروض
seditious offence,جريمة الفساد
separate area,منطقة منفصلة
service,تبليغ
service of documents,تبليغ الوثائق
service out of jurisdiction,تبليغ الوثائق القضائية
"settle, to",يُسوّي
settlement,تسوية
settlement area,منطقة تسوية
settlement of land title,تسوية الأراضي
settlement of title,تسوية حقوق الملكية
settlement of title fees,رسوم تسوية حقوق الملكية
sewerage and drainage ordinance,قانون المجاري والمصارف
sharia council,المجلس الشرعي
sharia court,محكمة شرعية
sharia courts ordinance,قانون المحاكم الشرعية
sharia courts pensions ordinance,قانون التقاعد لموظفي المحاكم الشرعية
shepherds ordinance,قانون الرعاة
shipping,شحن
shipping traffic,حركة الملاحة
shipping tribunal,محكمة الملاحة البحرية
ships and aircraft ordinance,قانون السفن والطائرات
short term,قصير الأجل: قصير الأمد
short term loan,قَرْض قصير الأجل
site,موقع
situated,واقع
social security,الضمان الإجتماعي
social security commission,لجنة الضمان الإجتماعي
social welfare,الخدمة الإجتماعية
social welfare charges,رسوم الخدمة الإجتماعية
source,مَصْدَر
southern district,اللواء الجنوبي
special,خاص
special permit,تصريح خاص
specific,معين
specified,محدد
spirits,كحول: مشروبات روحية
springs ordinance,قانون الينابيع
stamp,دمغة
stamp duty,رسم طاب 1593; الإيرادات
stamp duty ordinance,قانون رسوم طوابع الإيرادات (الدمغة
"stamp, to",يَدمَغ
standard,موحد
standing,قائم
state,حكومة
State domain rent,اجارة الأراضي الأميرية
state fees,الرسوم الأميرية
state of war,حالة حر 1576;
state rates,الضرائب الأميرية
stated,مذكور
statistics ordinance,قانون الإحصاءات
statute law,تشريعات أساسية
statute law revision ordinance,قانون تنقيح التشريعات الأساسية
steam boilers ordinance,قانون المراجل البخارية
sub - district,قضاء
subject,رعيَّة
"Submit, to",يُقدّ ;ِم
submitting samples,تقديم عينات
"substitute, to",يُبدِل
succession ordinance,قانون الميراث
successor,خلف: وريث
summary offence,جريمة جزائية
summary trial,محاكمة جزائية
supplement,ملحق
supplement of gazette,ملحق الجريدة الرسمية
"Supplement, to",يُلحِق: يضيف إلى
supplementary grant,هبة إضافية
supplies,تموين
supply,توريد
supply of electricity,توريد الكهرباء
"supply, to",يورِّد
suppression,منع
supreme council,مجلس أعلى
supreme moslem council,المجل س الإسلامي الأعلى
supreme moslem sharia council,المجلس الشرعي الإسلامي الأعلى
surrender,تسليم
surrender of criminal,تسليم مجرم
survey,تحقيق: فحص
survey ordinance,قانون المساحة
"survey, to",يفحص
system of election,طريقة إنتخاب
taking of photographs ordinance,قانون الصور الشمسية
tax,ضريبة
tax on income,ضريبة الدخل
tax validation,تثبيت صحة ضريبة
taxation,الضرائب
taxation relief,الإعفاء من الضريبة
taxes,عوائد
taxes ordinance,قانون الضرائب
temporary,مؤقت
temporary admission,قبول مؤقت: سماح مؤقت
temporary constitution,تشكيل مؤقت
temporary increase,زيادة مؤقتة
tenant,مستأجِر
"Terminate, to",يُنهي
territory,قطر
through,متواصل
time,وقت
time determination ordinance,قانون التوقيت
tithe assesment,تخمين الأعشار
tithe law ordinance,قانون ضريبة العشر
tithes,ضريبة العشر
Tithes commutation,استبدال الأعشار
tithes commutation ordinance,قانون استبدال الأعشار
tithes ordinance,قانون الأعشار
title,لقب
tobacco ordinance,قانون التبغ
town,مدينة
town planning,تنظيم المدن
town planning commission,لجنة تنظيم المدن
town planning ordinance,قانون تنظيم المدن
town planning permit,رخصة تنظيم المدن
township,بلدة
trade dispute,نزاع تجاري
trade mark,علامة تجارية
trade marks ordinance,قانون العلامات التجارية
trade marks rules,نظام العلامات التجارية
trade pay,علاوة التخصص
"trade, commerce",تجارة
trades and industries ordinance,قانون الحرف والصناعات
trading with the enemy ordinance,قانون الإتجار مع العدو
traffic,حركة المرور
trans,بادئة معناها عِبر
transfer,نقل
transfer fees,رسوم إنتقال
transfer restrictions,تقييد الإنتقال
"transfer, to",ينقل
transit,1605;رور عابر
transit of goods,مرور بضائع بالترانزيت
transitional,انتقالي
transitional (stage),دور الإنتقال
transitional powers,صلاحيات الانتقال
transmission,نقل: إرسال
transmission of articles,نقل المواد
"transmit, to",يَنقُل
transmittable,قابل للإرسال
transport,نقل
transport of passengers,نقل الركاب
treasury bills,سندات الخزينة
treaty,معاهدة
treaty of commerce,معاهدة التجارة
treaty of peace,معاهدة صلح
treaty of peace ordinance,قانون معاهدة الصلح
trial,محاكمة
trial upon information,محاكمة إتهامية
tribal court,محكمة عشائر
tribe,عَشيرة
tribunal,محكمة: مجلس قضائي
trustee,متولي: وصِيّ
under,بمقتضى
"Unify, to",يُوَح ;ِّد
United Nations (U.N,الأمم المتحدة
unleavened bread ordinance,قانون الرسوم على الخبز الفطير
unwholesome food ordinance,قانون المأكولات غير الصحية
urban area,منطقة مدنية
urban property tax,ضريبة الأملاك في المدن
urban property tax ordinance,قانون ضريبة الأملاك في المدن
usurious,ربوي: خاص بالربا
usurious loan,قَرض بفائدة ربوية
usurious loans ordinance,قانون الربا الفاحش
utility goods,بضائع موحدة
validation,تقنين
validation of appointments,تقنين التعيينات
validation of customs agreement,تقنين الإتفاق الجمركي
validation of judgements,تثبيت صحة الأحكام
validation of jurisdiction,تثبيت صلاحية
validation of loan guarantee,تثبيت ضمان قرض
validation of municipal rate,تقنين الضرائب والعوائد البلدية
validation of municipal tax law,تقنين قانون رسوم البلديات
validation of order,تقنين المرسوم
validation of tax,تثبيت الضريبة
valuer,مُثمِّن
variation,تعديل
variation of an area,تغيير ح 1583;ود منطقة
variation of schedule,تعديل الذيل
vehicle licensing fees,رسوم رخ 1589; المركبات
vehicles registration,تسجيل المركبات
vehicles registration ordinance,قانون تسجيل المركبات
"Vest, to",يُفوّ ;ِض
vesting ordinance,قانون تخويل
vesting property,تفويض الملكية
veterinary surgeons ordinanc,قانون الجراحة البيطرية
village administration ordinance,قانون إدارة القرى
village committee,لجنة القرية
village council,مجلس قروي
village works,منشآت داخل حدود القرى
visa fees,رسوم التأشير بالإعتماد (الفيزا
volunteer force ordinance,قانون المتطوعين
"waive, to",يتنازل
waqf - pl. awkaf,وقف- ج أوقاف
war loan ordinance,قانون قرض الحرب
war revenue ordinance,قانون إيرادات الحرب
war risks insurance,التأمين ضد أخطار الحرب
war risks insurance board,مجلس التأمين ضد أخطار الحرب
war risks insurance ordinanc,قانون التأمين ضد أخطار الحرب
water survey ordinance,قانون فحص المياه
weights and measures ordinance,قانون الأوزان والمقاييس والمكاييل
werko tax,ضريبة الويركو
werko tax validation ordinance,قانون تثبيت صحة ضريبة الويركو
wholesalers' returns,كشوف تجار الجملة
widows' pensions,تقاعد الأرامل
winding up,تصفية
winding up jurisdiction,صلاحية تصفية
wireless telegraphy ordinanc,قانون التلغراف اللاسلكي
witness,شاهد
workman,عامِل
workmen's compensation,تعويض العمال
workmen's compensation ordinance,قانون تعويض العمال
worn,تالف
wreck(age),حطام السفن الغارقة
wrecked goods,بضاعة تالفة
writer,كاتب
zone,منطقة
